,name,score,loc,scale,arg,params,model,bootstrap_score,bootstrap_pass,color
0,lognorm,1.668201057213748e-05,-1.8409029733521598,66.0361940030136,"(1.3626584501993717,)","(1.3626584501993717, -1.8409029733521598, 66.0361940030136)",<scipy.stats._distn_infrastructure.rv_continuous_frozen object at 0x71d31f7b5510>,0,,#e41a1c
1,pareto,3.781608849597992e-05,-1500.115759601341,1501.1157596013409,"(12.557561115789287,)","(12.557561115789287, -1500.115759601341, 1501.1157596013409)",<scipy.stats._distn_infrastructure.rv_continuous_frozen object at 0x71d2e32d8710>,0,,#ff7f00
2,uniform,0.0001840107248400104,1.0,498.0,(),"(1.0, 498.0)",<scipy.stats._distn_infrastructure.rv_continuous_frozen object at 0x71d32697ecd0>,0,,#999999
