,name,score,loc,scale,arg,params,model,bootstrap_score,bootstrap_pass,color
0,lognorm,0.00023091293252453958,-1.7876839289208293,65.39295600043968,"(1.3497863126106822,)","(1.3497863126106822, -1.7876839289208293, 65.39295600043968)",<scipy.stats._distn_infrastructure.rv_continuous_frozen object at 0x7e0ebdc82410>,0,,#e41a1c
1,pareto,0.00026823040445417544,-1446.789136888415,1447.7891368884148,"(12.34744574279475,)","(12.34744574279475, -1446.789136888415, 1447.7891368884148)",<scipy.stats._distn_infrastructure.rv_continuous_frozen object at 0x7e0ebdc78c50>,0,,#ff7f00
2,uniform,0.00108567224128692,1.0,498.0,(),"(1.0, 498.0)",<scipy.stats._distn_infrastructure.rv_continuous_frozen object at 0x7e0ebdc81950>,0,,#999999
