,name,score,loc,scale,arg,params,model,bootstrap_score,bootstrap_pass,color
0,lognorm,7.774310893570027e-06,-1.3230405133179712,63.845495655909495,"(1.412561300886112,)","(1.412561300886112, -1.3230405133179712, 63.845495655909495)",<scipy.stats._distn_infrastructure.rv_continuous_frozen object at 0x78b4989dca50>,0,,#e41a1c
1,pareto,2.1948600026481708e-05,-1527.5716275508069,1528.5716275508066,"(12.735798863793825,)","(12.735798863793825, -1527.5716275508069, 1528.5716275508066)",<scipy.stats._distn_infrastructure.rv_continuous_frozen object at 0x78b497fdc790>,0,,#ff7f00
2,uniform,0.00010885958546278124,1.0,497.0,(),"(1.0, 497.0)",<scipy.stats._distn_infrastructure.rv_continuous_frozen object at 0x78b495df6950>,0,,#999999
