,name,score,loc,scale,arg,params,model,bootstrap_score,bootstrap_pass,color
0,lognorm,3.267656627795273e-05,-2.124554056605961,67.47033543591849,"(1.3221673483593863,)","(1.3221673483593863, -2.124554056605961, 67.47033543591849)",<scipy.stats._distn_infrastructure.rv_continuous_frozen object at 0x7b06a99d4c90>,0,,#e41a1c
1,pareto,5.4532505437762355e-05,-1947.7228455477282,1948.722845547728,"(16.16215657192159,)","(16.16215657192159, -1947.7228455477282, 1948.722845547728)",<scipy.stats._distn_infrastructure.rv_continuous_frozen object at 0x7b069ff4a450>,0,,#ff7f00
2,uniform,0.0002993010941851994,1.0,498.0,(),"(1.0, 498.0)",<scipy.stats._distn_infrastructure.rv_continuous_frozen object at 0x7b06a99e8ad0>,0,,#999999
