,name,score,loc,scale,arg,params,model,bootstrap_score,bootstrap_pass,color
0,beta,0.008449317195960752,0.9999999999999999,1494.6386581490015,"(0.1996961845050187, 356.3780885000914)","(0.1996961845050187, 356.3780885000914, 0.9999999999999999, 1494.6386581490015)",<scipy.stats._distn_infrastructure.rv_continuous_frozen object at 0x782678606890>,0,,#e41a1c
1,powerlaw,0.011313678679768664,0.9999999999999999,127.00000000000001,"(0.02875015528731312,)","(0.02875015528731312, 0.9999999999999999, 127.00000000000001)",<scipy.stats._distn_infrastructure.rv_continuous_frozen object at 0x782678901710>,0,,#ff7f00
2,uniform,0.011776455692380186,1.0,127.0,(),"(1.0, 127.0)",<scipy.stats._distn_infrastructure.rv_continuous_frozen object at 0x782679d24490>,0,,#999999
