,name,score,loc,scale,arg,params,model,bootstrap_score,bootstrap_pass,color
0,lognorm,9.814961152644897e-06,-1.4863537671562943,65.08494385657178,"(1.3706168425527567,)","(1.3706168425527567, -1.4863537671562943, 65.08494385657178)",<scipy.stats._distn_infrastructure.rv_continuous_frozen object at 0x7dc33d006a10>,0,,#e41a1c
1,pareto,2.7687344449740026e-05,-3336.7964600381524,3337.796460038152,"(27.03218822787139,)","(27.03218822787139, -3336.7964600381524, 3337.796460038152)",<scipy.stats._distn_infrastructure.rv_continuous_frozen object at 0x7dc33d16bf50>,0,,#ff7f00
2,uniform,0.00013710988403427998,1.0,498.0,(),"(1.0, 498.0)",<scipy.stats._distn_infrastructure.rv_continuous_frozen object at 0x7dc33d028350>,0,,#999999
