,name,score,loc,scale,arg,params,model,bootstrap_score,bootstrap_pass,color
0,lognorm,5.098719425513531e-06,-2.3897171141888593,67.97993069620216,"(1.3268940701926386,)","(1.3268940701926386, -2.3897171141888593, 67.97993069620216)",<scipy.stats._distn_infrastructure.rv_continuous_frozen object at 0x7dc3302d6310>,0,,#e41a1c
1,pareto,1.0856375673415159e-05,-4898.331277927007,4899.331277927006,"(39.18030197193931,)","(39.18030197193931, -4898.331277927007, 4899.331277927006)",<scipy.stats._distn_infrastructure.rv_continuous_frozen object at 0x7dc3302c3f50>,0,,#ff7f00
2,uniform,8.419502435309074e-05,1.0,498.0,(),"(1.0, 498.0)",<scipy.stats._distn_infrastructure.rv_continuous_frozen object at 0x7dc3302c6590>,0,,#999999
