,name,score,loc,scale,arg,params,model,bootstrap_score,bootstrap_pass,color
0,lognorm,5.528646918973796e-06,-2.5360162052408524,68.66285530449025,"(1.3188997262949143,)","(1.3188997262949143, -2.5360162052408524, 68.66285530449025)",<scipy.stats._distn_infrastructure.rv_continuous_frozen object at 0x738108cbb390>,0,,#e41a1c
1,pareto,1.4073525378954944e-05,-2147483647.0,2147483647.9999998,"(16717663.605569635,)","(16717663.605569635, -2147483647.0, 2147483647.9999998)",<scipy.stats._distn_infrastructure.rv_continuous_frozen object at 0x73810827a110>,0,,#ff7f00
2,uniform,8.16788500398062e-05,1.0,495.0,(),"(1.0, 495.0)",<scipy.stats._distn_infrastructure.rv_continuous_frozen object at 0x738106f75910>,0,,#999999
