,name,score,loc,scale,arg,params,model,bootstrap_score,bootstrap_pass,color
0,beta,0.0071305910720217015,0.9999999999999999,1410.0871795640455,"(0.35850059135278217, 402.5594747128233)","(0.35850059135278217, 402.5594747128233, 0.9999999999999999, 1410.0871795640455)",<scipy.stats._distn_infrastructure.rv_continuous_frozen object at 0x790f55e24850>,0,,#e41a1c
1,powerlaw,0.013845341671401617,0.9999999999999999,115.00000000000001,"(0.02896011058946301,)","(0.02896011058946301, 0.9999999999999999, 115.00000000000001)",<scipy.stats._distn_infrastructure.rv_continuous_frozen object at 0x790f5c205b50>,0,,#ff7f00
2,uniform,0.014423456367304343,1.0,115.0,(),"(1.0, 115.0)",<scipy.stats._distn_infrastructure.rv_continuous_frozen object at 0x790f57d5fd50>,0,,#999999
